hashtag,parent_hashtag,category,w1,3d1,3d2,3d3,zipper,charging
61,meme,object,True,True,True,False,False,False
67,meme,object,True,True,True,True,True,True
abominablesnowman,character,object,False,False,True,False,False,False
abstract,,object,True,True,True,True,True,True
ace,onepiece,object,True,True,False,True,True,True
adventuretime,cartoon,object,False,True,True,True,True,True
afc,football,object,True,False,False,True,True,True
afcchampionsleagueelite,football,object,False,True,True,False,False,False
aircraft,vehicle,object,False,False,False,True,True,True
airplane,vehicle,object,False,True,True,False,False,False
aizensosuke,bleach,object,False,False,False,True,True,True
akatsuki,naruto,object,False,True,False,False,False,False
akaza,demonslayer,object,True,True,True,True,True,True
alahlifc,football,object,False,False,False,True,True,True
alejandrobalde,football,object,True,False,False,False,False,False
algerianationalteam,football,object,False,True,False,False,False,False
alhilalsfc,football,object,False,True,False,True,True,True
alice,swordartonline,object,False,False,False,True,True,True
alicethymefield,zenlesszonezero,object,False,True,False,False,False,False
allsaint'sday,holiday,object,False,False,True,False,False,False
amanekanata,hololive,object,False,False,True,False,False,False
americanfootball,sport,object,True,False,True,False,False,False
amongus,game,object,True,False,False,False,False,False
angel,religion,object,True,False,False,True,True,True
animal,,object,True,True,True,True,True,True
anime,,object,True,True,True,True,True,True
animeboy,anime,object,True,True,True,True,True,True
animegirl,anime,object,True,True,True,True,True,True
animelandsacpe,nature,object,False,True,False,False,False,False
anubis,religion,object,False,True,False,False,False,False
anyaforger,spyxfamily,object,True,False,False,True,True,True
aobing,natra,object,False,False,False,True,True,True
aquaman,dc,object,True,False,False,False,False,False
aquarius,zodiac,object,True,False,True,False,False,False
architecture,scenery,object,False,False,False,True,True,True
arcraiders,game,object,False,True,True,False,False,False
arenaofvalor,game,object,True,True,True,True,True,True
arg,football,object,False,False,False,True,True,True
argentinanationalteam,football,object,True,True,True,False,False,False
aries,zodiac,object,True,False,True,False,False,False
arknights,game,object,True,False,False,False,False,False
arsenal,football,object,True,True,True,True,True,True
astonvilla,football,object,True,True,True,False,False,False
astro,,object,False,True,True,False,False,False
astronaut,universe,object,True,True,True,True,True,True
asuna,swordartonline,object,False,False,False,True,True,True
atleticomadrid,football,object,False,True,False,True,True,True
atleticomineiro,football,object,False,True,True,False,False,False
atléticomadrid,football,object,True,False,True,False,False,False
attackontitan,anime,object,True,True,True,True,True,True
audi,car,object,True,True,True,True,True,True
aurora,nature,object,True,False,False,True,True,True
australianationalteam,football,object,False,True,False,False,False,False
austrianationalteam,football,object,False,True,False,False,False,False
autumn,nature,object,True,True,True,True,True,True
avatar,film,object,True,True,True,True,True,True
avatarthelastairbender,cartoon,object,False,False,False,True,True,True
badbunny,people,object,False,True,True,False,False,False
bahia,football,object,False,True,False,False,False,False
bakugo,myheroacademia,object,True,False,False,False,False,False
barbie,film,object,False,True,False,False,False,False
barbiedoll,other,object,False,False,False,True,True,True
barcelona,football,object,True,True,True,True,True,True
bartsimpson,thesimpsons,object,True,True,False,True,True,True
baseball,sport,object,True,True,True,True,True,True
basketball,sport,object,True,True,True,True,True,True
batman,dc,object,True,True,True,True,True,True
bayernmunich,football,object,True,True,True,True,True,True
beach,nature,object,True,True,True,True,True,True
bear,animal,object,True,True,True,True,True,True
bee,animal,object,False,True,False,False,False,False
beerus,dragonball,object,False,True,False,False,False,False
beetlejuice,film,object,False,False,False,True,True,True
belgiumnationalteam,football,object,False,True,False,False,False,False
ben10,cartoon,object,False,False,False,True,True,True
bernard,cartoon,object,False,True,False,False,False,False
betta,fish,object,True,False,False,False,False,False
bigbang,kpop,object,False,False,False,True,True,True
bighero6,disney,object,False,False,False,True,True,True
bird,animal,object,True,True,True,True,True,True
blackclover,anime,object,True,False,False,True,True,True
blackpanther,marvel,object,True,True,True,True,True,True
blackpink,people,object,True,True,True,True,True,True
blackwidow,marvel,object,True,True,True,False,False,False
bleach,anime,object,True,False,True,True,True,True
bluelock,anime,object,True,False,False,True,True,True
bmo,adventuretime,object,False,False,False,True,True,True
bmw,car,object,True,True,True,True,True,True
boahancock,onepiece,object,False,False,True,False,False,False
boat,vehicle,object,True,True,False,True,True,True
bosniaandherzegovinanationalteam,football,object,False,True,False,False,False,False
boy,people,object,True,True,True,True,True,True
bra,football,object,False,False,False,True,True,True
brazil,religion,object,True,True,True,True,True,True
brazilnationalteam,football,object,True,True,True,False,False,False
briangriffin,familyguy,object,False,False,False,True,True,True
brokenscreen,other,object,True,True,True,True,True,True
broly,dragonball,object,False,True,False,False,False,False
brook,onepiece,object,False,True,False,False,False,False
brotherhai’sphorestaurant,game,object,False,True,False,False,False,False
bt21,other,object,True,True,True,True,True,True
bts,people,object,True,True,True,True,True,True
buddha,religion,object,True,True,True,False,False,False
buffalo,animal,object,True,True,True,False,False,False
bugsbunny,cartoon,object,False,False,False,True,True,True
bulbasaur,pokemon,object,False,False,False,True,True,True
butterfly,animal,object,True,True,True,True,True,True
bvb09,football,object,True,False,False,False,False,False
callofduty,game,object,True,True,False,True,True,True
camel,animal,object,False,False,False,True,True,True
campeonatobrasileiro,football,object,True,False,False,True,True,True
can,football,object,False,False,False,True,True,True
canadanationalteam,football,object,True,True,True,False,False,False
cancer,zodiac,object,True,False,True,False,False,False
canyon,nature,object,True,False,False,False,False,False
capeverdenationalteam,football,object,False,True,False,False,False,False
capricorn,zodiac,object,True,False,True,False,False,False
captainamerica,marvel,object,True,False,True,True,True,True
captainmarvel,marvel,object,False,False,False,True,True,True
capybara,animal,object,False,False,False,True,True,True
car,vehicle,object,True,True,True,True,True,True
card,game,object,True,True,True,True,True,True
cars,film,object,True,False,False,False,False,False
carsmovie,disney,object,False,False,False,True,True,True
cartoon,,object,True,True,True,True,True,True
cartoongirl,cartoon,object,False,True,False,False,False,False
cassette,other,object,False,True,True,False,False,False
castle,nature,object,False,False,True,False,False,False
cat,pet,object,True,True,True,True,True,True
cave,nature,object,True,False,False,False,False,False
celeb,humans,object,False,False,False,True,True,True
centralcee,people,object,True,False,False,False,False,False
ceresfauna,hololive,object,False,True,False,False,False,False
chainsawman,anime,object,True,True,True,True,True,True
character,,object,False,False,True,False,False,False
charmande,pokemon,object,False,False,False,True,True,True
chelsea,football,object,True,True,True,True,True,True
cherryblossom,flowers,object,True,True,True,True,True,True
chess,sport,object,False,True,True,False,False,False
chevrolet,car,object,False,False,True,False,False,False
chip,technology,object,True,True,True,False,False,False
chivasclubs,football,object,False,False,True,False,False,False
chopper,onepiece,object,False,True,False,True,True,True
christmas,holiday,object,True,True,True,True,True,True
christmasanimals,christmas,object,True,True,False,True,True,True
christmascharacter,christmas,object,True,True,False,True,True,True
christmasforcatholics,christmas,object,True,True,False,True,True,True
christmastree,christmas,object,True,True,False,True,True,True
chucky,film,object,True,True,True,True,True,True
cidkagenou,fairytail,object,False,False,True,False,False,False
cincodemayo,holiday,object,False,False,False,True,True,True
cinnamoroll,sanrio,object,False,True,True,False,False,False
city,nature,object,True,True,False,True,True,True
clbpachuca,football,object,True,False,True,False,False,False
clevelandbrown,familyguy,object,False,False,False,True,True,True
cloud,sky,object,False,True,False,False,False,False
clover,nature,object,True,False,False,False,False,False
clubamerica,football,object,True,False,False,False,False,False
clubamérica,football,object,False,False,True,False,False,False
coco,disney,object,False,False,False,True,True,True
code,hacker,object,False,True,False,True,True,True
colombianationalteam,football,object,False,True,False,False,False,False
colosseum,nature,object,False,True,False,False,False,False
combatant,game,object,False,True,True,False,False,False
conan,anime,object,True,False,False,True,True,True
conanedogawa,character,object,False,False,True,False,False,False
cool,,object,True,True,True,True,True,True
corinthians,football,object,True,True,True,False,False,False
couple,love,object,True,True,True,True,True,True
courage,couragethecowardlydog,object,False,True,False,False,False,False
couragethecowardlydog,cartoon,object,False,True,False,True,True,True
cow,animal,object,False,True,False,True,True,True
cowboy,humans,object,False,False,False,True,True,True
crashbandicoot,game,object,False,True,False,False,False,False
crayonshinchan,anime,object,False,False,False,True,True,True
cricket,sport,object,True,True,True,True,True,True
croatianationalteam,football,object,False,True,False,False,False,False
cross,religion,object,True,True,True,True,True,True
crownofthorns,god,object,False,True,True,False,False,False
crvascodagama,football,object,False,True,True,False,False,False
crybaby,cartoon,object,False,True,False,True,True,True
cubone,pokemon,object,False,False,False,True,True,True
curacaonationalteam,football,object,False,True,False,False,False,False
cutecharacter,cartoon,object,False,True,False,False,False,False
cyberpunk2077,game,object,False,True,False,False,False,False
czechianationalteam,football,object,False,True,False,False,False,False
círiodenazaré,holiday,object,True,True,True,False,False,False
daisy,flowers,object,True,False,False,False,False,False
dandadan,anime,object,True,True,True,True,True,True
darlinginthefranxx,anime,object,True,False,False,True,True,True
darthvader,starwars,object,True,True,True,False,False,False
darwinwatterson,theamazingworldofgumball,object,False,False,False,True,True,True
david,other,object,False,True,True,False,False,False
dayofthedead,holiday,object,False,True,True,False,False,False
dc,film,object,True,True,True,True,True,True
deadpool,marvel,object,True,True,True,True,True,True
deathnote,anime,object,True,False,False,False,False,False
demon,cool,object,True,False,False,False,False,False
demonslayer,anime,object,True,True,True,True,True,True
denji,chainsawman,object,False,False,False,True,True,True
desert,nature,object,True,False,False,True,True,True
dhoni,cricket,object,False,False,False,True,True,True
diadelosmuertos,holiday,object,True,False,True,False,False,False
diademuertos,holiday,object,False,False,False,True,True,True
dice,game,object,True,True,True,False,False,False
dinosaur,animal,object,True,True,True,False,False,False
disaster,nature,object,False,False,False,True,True,True
disney,cartoon,object,False,False,False,True,True,True
diwali,hindufestivals,object,False,True,True,True,True,True
diy,other,object,False,True,True,False,False,False
dodgechallenger,car,object,False,True,True,False,False,False
doflamingo,onepiece,object,False,True,False,False,False,False
dog,pet,object,True,True,True,True,True,True
dollars,other,object,True,True,True,True,True,True
dolphin,animal,object,True,True,False,False,False,False
doma,demonslayer,object,False,True,False,False,False,False
donghua,,object,False,False,False,True,True,True
donttouchmyphone,warning,object,True,True,True,True,True,True
doorlock,other,object,False,True,True,False,False,False
doraemon,anime,object,True,True,True,True,True,True
dortmund,football,object,False,True,True,True,True,True
doublewallpaper,other,object,True,True,True,True,True,True
douma,demonslayer,object,True,False,False,False,False,False
dracula,film,object,True,True,True,True,True,True
dragon,animal,object,True,True,True,True,True,True
dragonball,anime,object,True,True,True,True,True,True
dragonquest,game,object,False,False,True,False,False,False
draken,tokyorevengers,object,True,False,False,False,False,False
drcongonationalteam,football,object,False,True,False,False,False,False
dreamcatcher,other,object,True,True,True,False,False,False
drink,fnb,object,True,True,True,True,True,True
drstone,anime,object,True,True,True,True,True,True
duck,animal,object,True,True,True,True,True,True
dune,film,object,False,False,False,True,True,True
eagle,animal,object,True,True,True,True,True,True
easter,holiday,object,True,True,True,True,True,True
ecuadornationalteam,football,object,False,True,False,False,False,False
egyptnationalteam,football,object,False,True,False,False,False,False
eiffeltower,nature,object,True,True,True,False,False,False
elephant,animal,object,False,False,False,True,True,True
emilia,rezero,object,True,True,True,False,False,False
emoji,other,object,True,False,True,True,True,True
eng,football,object,False,False,False,True,True,True
englandnationalteam,football,object,True,True,True,False,False,False
enhyphen,people,object,True,True,True,False,False,False
eren,attackontitan,object,False,True,False,False,False,False
erenyeager,attackontitan,object,True,False,False,True,True,True
erlinghaaland,football,object,False,False,False,True,True,True
esp,football,object,False,False,False,True,True,True
esport,sport,object,False,False,True,False,False,False
exclusive,other,object,False,True,True,False,False,False
exo,people,object,True,True,True,False,False,False
f1,sport,object,False,True,True,False,False,False
fairytail,anime,object,False,False,True,False,False,False
faker,boy,object,False,True,True,False,False,False
familyguy,cartoon,object,False,False,False,True,True,True
fate,anime,object,False,False,False,True,True,True
fategrandorder,game,object,True,False,False,False,False,False
father'sday,holiday,object,True,True,True,False,False,False
feloniousgru,film,object,False,True,False,False,False,False
ferrari,car,object,False,False,False,True,True,True
film,,object,True,True,True,True,True,True
finalfantasytactics,game,object,True,True,True,False,False,False
finn,adventuretime,object,False,False,False,True,True,True
fire,other,object,True,True,True,True,True,True
firework,newyear,object,True,False,True,True,True,True
fish,animal,object,True,True,True,True,True,True
fivenightsatfreddy,film,object,True,False,False,False,False,False
flag,religion,object,True,True,True,True,True,True
flamengo,football,object,True,True,True,True,True,True
flamingo,animal,object,True,True,True,False,False,False
flashlight,other,object,True,True,False,True,True,True
flower,nature,object,False,True,True,False,False,False
flowers,nature,object,True,False,False,True,True,True
fluminense,football,object,False,True,False,False,False,False
fnaf,game,object,True,False,False,False,False,False
fnb,,object,True,True,True,True,True,True
food,fnb,object,True,True,True,True,True,True
football,sport,object,True,True,True,True,True,True
forest,nature,object,True,True,True,True,True,True
formula1racing,sport,object,True,False,True,True,True,True
fortnite,game,object,True,False,False,False,False,False
fox,animal,object,True,True,True,True,True,True
foxy,fivenightsatfreddy,object,True,False,False,False,False,False
fra,football,object,False,False,False,True,True,True
france,religion,object,True,False,False,False,False,False
francenationalteam,football,object,True,True,True,False,False,False
frankenstein,film,object,True,True,True,True,True,True
freefire,game,object,True,True,True,True,True,True
frenchbulldog,dog,object,False,True,True,False,False,False
fridaythe13th,film,object,True,True,True,True,True,True
frieren,anime,object,False,True,False,True,True,True
frieza,dragonball,object,False,True,True,True,True,True
frozen,waltdisney,object,True,True,False,False,False,False
fruit,fnb,object,True,False,False,True,True,True
fujimountain,nature,object,False,True,True,False,False,False
fullmetalalchemist,anime,object,False,False,False,True,True,True
funny,quote,object,True,True,True,False,False,False
funnyquote,quote,object,False,False,False,True,True,True
gaara,naruto,object,False,True,True,False,False,False
galaxy,universe,object,True,True,True,True,True,True
game,,object,True,True,True,True,True,True
gameofthrones,film,object,False,True,False,True,True,True
gamepad,game,object,True,True,True,True,True,True
garaa,narutoshippuden,object,False,False,False,True,True,True
gardevoir,pokemon,object,False,True,False,False,False,False
garena,game,object,False,False,True,False,False,False
garnacho,football,object,False,True,False,False,False,False
gawrgura,hololive,object,True,True,True,False,False,False
gear,technology,object,True,True,True,False,False,False
gemini,zodiac,object,True,False,True,False,False,False
gengar,pokemon,object,True,True,True,True,True,True
genos,onepunchman,object,True,False,False,False,False,False
genshinimpact,game,object,True,True,True,True,True,True
geometric,abstract,object,True,True,True,True,True,True
ger,football,object,False,False,False,True,True,True
germany,religion,object,True,False,True,False,False,False
germanynationalteam,football,object,True,True,True,False,False,False
getosuguru,jujutsukaisen,object,False,False,False,True,True,True
ghananationalteam,football,object,False,True,False,False,False,False
ghibli,anime,object,False,False,False,True,True,True
ghost,other,object,True,True,True,True,True,True
ghostface,scream,object,True,True,True,True,True,True
ghostoftsushima,game,object,True,True,True,False,False,False
ghostofyotei,game,object,True,False,False,False,False,False
ghostrider,film,object,True,False,True,True,True,True
giraffe,animal,object,False,True,False,False,False,False
girl,people,object,True,True,True,True,True,True
girly,other,object,True,True,True,False,False,False
giyu,demonslayer,object,True,False,False,False,False,False
giyuu,demonslayer,object,False,True,False,False,False,False
glennquagmire,familyguy,object,False,False,False,True,True,True
glitter,girly,object,False,True,True,True,True,True
goat,animal,object,True,False,False,False,False,False
god,religion,object,True,True,True,True,True,True
godonchristmasday,holiday,object,False,False,True,False,False,False
godzilla,film,object,False,False,False,True,True,True
gogito,dragonball,object,True,False,False,False,False,False
gohan,dragonball,object,False,False,False,True,True,True
gojo,jujutsukaisen,object,True,True,True,False,False,False
goku,dragonball,object,True,True,True,True,True,True
goldenstatewarriors,basketball,object,False,False,False,True,True,True
gomatsumoto,basketball,object,False,True,True,False,False,False
gorilla,animal,object,False,False,True,False,False,False
grandtheftauto,game,object,False,False,False,True,True,True
greatwall,nature,object,False,True,False,False,False,False
grimreaper,cool,object,True,True,True,False,False,False
grinch,christmas,object,False,True,False,False,False,False
gumballwatterson,theamazingworldofgumball,object,False,False,False,True,True,True
gun,weapon,object,True,True,False,False,False,False
gundam,film,object,True,True,True,True,True,True
gunter,adventuretime,object,False,False,False,True,True,True
gwenstacy,film,object,False,True,False,False,False,False
gyoumei,demonslayer,object,True,False,False,False,False,False
haaland,football,object,False,True,True,False,False,False
hacipupu,popmart,object,False,False,False,True,True,True
hacker,cool,object,True,True,False,True,True,True
haikyu,anime,object,False,False,False,True,True,True
haitinationalteam,football,object,False,True,False,False,False,False
hakuikoyori,hololive,object,False,True,False,False,False,False
halloween,holiday,object,True,True,True,True,True,True
halo,game,object,True,False,False,True,True,True
halongbay,vietnam,object,False,True,True,False,False,False
hamster,pet,object,False,False,False,True,True,True
hanuman,hindugods,object,False,True,True,False,False,False
hanumanjayanti,hindugods,object,False,False,False,True,True,True
harleyquinn,dc,object,True,True,True,False,False,False
harrykane,football,object,True,True,True,True,True,True
harrypotter,film,object,True,False,False,False,False,False
hatsunemiku,anime,object,True,False,False,False,False,False
heart,love,object,True,True,True,True,True,True
hellokitty,sanrio,object,True,True,True,True,True,True
himikotoga,myheroacademia,object,True,False,False,True,True,True
hinata,narutoshippuden,object,False,False,False,True,True,True
hindufestivals,holiday,object,False,True,False,False,False,False
hindugods,religion,object,True,True,True,True,True,True
hiromi,jujutsukaisen,object,True,False,False,False,False,False
hiromihiguruma,jujutsukaisen,object,False,False,True,False,False,False
hirono,cartoon,object,False,True,False,False,False,False
holiday,,object,True,True,True,True,True,True
holidhuleti,holiday,object,True,True,True,True,True,True
hollowknight,game,object,True,True,True,True,True,True
hololive,anime,object,True,True,True,True,True,True
home,scenery,object,False,False,False,True,True,True
honda,car,object,False,True,False,False,False,False
honkaistarrail,game,object,False,True,False,False,False,False
hoppers,cartoon,object,True,True,True,True,True,True
horimiya,anime,object,False,True,False,False,False,False
hornet,hollowknight,object,False,True,False,False,False,False
horse,animal,object,True,True,True,True,True,True
hoshimachisuisei,hololive,object,False,True,True,False,False,False
hoshino,anime,object,False,True,False,False,False,False
hotrod,car,object,False,False,True,False,False,False
houshoumarine,hololive,object,False,True,False,False,False,False
howl'smovingcastle,anime,object,False,True,False,False,False,False
howtotrainyourdragon,cartoon,object,False,True,True,True,True,True
hulk,film,object,True,False,True,True,True,True
humans,,object,False,False,False,True,True,True
huntermonsterkpop,cartoon,object,True,False,False,False,False,False
hunterxhunter,anime,object,True,True,True,True,True,True
hydrangea,flowers,object,True,False,False,False,False,False
iceage,cartoon,object,False,False,False,True,True,True
icecave,nature,object,True,False,False,False,False,False
iceking,adventuretime,object,False,False,False,True,True,True
ichigokurosaki,anime,object,False,True,False,True,True,True
independenceday,holiday,object,True,True,True,True,True,True
inosuke,demonslayer,object,True,True,True,False,False,False
inosukehashibira,demonslayer,object,False,False,False,True,True,True
insideout,film,object,False,False,True,True,True,True
inspire,quote,object,True,True,True,False,False,False
intermiami,football,object,False,False,False,True,True,True
internacional,football,object,True,False,True,False,False,False
invincible,film,object,False,True,False,False,False,False
iphonewallpaper,abstract,object,True,True,True,True,True,True
ipl,cricket,object,False,True,True,False,False,False
irannationalteam,football,object,False,True,False,False,False,False
iraqnationalteam,football,object,False,True,False,False,False,False
ironman,marvel,object,True,True,True,True,True,True
it,film,object,True,True,True,True,True,True
itachi,naruto,object,True,True,True,True,True,True
itadori,jujutsukaisen,object,True,True,True,False,False,False
ivorycoastnationalteam,football,object,False,True,False,False,False,False
izuku,myheroacademia,object,True,False,True,True,True,True
jackskellington,nightmarebeforechristmas,object,True,True,True,True,True,True
jacksparrow,piratesofthecaribbean,object,False,False,True,False,False,False
jake,adventuretime,object,False,False,False,True,True,True
janniksinner,tennis,object,True,True,True,False,False,False
japan,religion,object,True,True,True,False,False,False
japannationalteam,football,object,False,True,False,False,False,False
jasonvoorhees,fridaythe13th,object,True,True,True,True,True,True
jellyfish,animal,object,True,True,True,False,False,False
jinmori,thegodofhighschool,object,False,False,False,True,True,True
jinx,lol,object,False,True,True,True,True,True
jiraiya,naruto,object,False,False,True,True,True,True
joeswanson,familyguy,object,False,False,False,True,True,True
jojo,jojo'sbizarreadventure,object,True,False,False,False,False,False
jojo'sbizarreadventure,anime,object,True,False,False,False,False,False
joker,dc,object,True,True,True,True,True,True
jordannationalteam,football,object,False,True,False,False,False,False
jpn,football,object,False,False,False,True,True,True
judebellingham,football,object,True,True,True,True,True,True
judyhopps,zootopia,object,False,True,False,False,False,False
juicewrld,people,object,True,True,True,True,True,True
jujutsukaisen,anime,object,True,True,True,True,True,True
juventude,football,object,False,True,True,False,False,False
juventus,football,object,True,True,False,True,True,True
kaitokid,conan,object,False,False,False,True,True,True
kakashi,naruto,object,True,True,True,True,True,True
kaleidoscope,abstract,object,False,False,True,False,False,False
kanao,demonslayer,object,False,True,False,False,False,False
kanekiken,tokyoghoul,object,True,True,True,False,False,False
kanrojimitsuri,demonslayer,object,False,True,True,False,False,False
kentakakura,dandadan,object,False,False,False,True,True,True
kevinalvarez,football,object,False,False,True,False,False,False
khabylame,people,object,True,False,False,False,False,False
kibutsujimuzan,demonslayer,object,False,True,True,False,False,False
kiki'sdeliveryservice,anime,object,False,True,False,False,False,False
killuazoldyck,hunterxhunter,object,True,True,True,False,False,False
king,humans,object,False,False,False,True,True,True
kingdomhearts,game,object,True,True,True,False,False,False
kingkong,film,object,False,False,False,True,True,True
kingvon,people,object,True,True,True,True,True,True
knight,warrior,object,False,True,True,True,True,True
kokushibo,demonslayer,object,False,True,False,False,False,False
kor,football,object,False,False,False,True,True,True
korea,religion,object,True,False,False,False,False,False
koreanationalteam,football,object,True,True,False,False,False,False
koreanfootball,football,object,False,True,True,False,False,False
korone,hololive,object,True,False,False,False,False,False
kpop,humans,object,False,False,False,True,True,True
kpopdemonhunter,game,object,True,True,True,True,True,True
kungfupanda,cartoon,object,False,False,True,True,True,True
kurokonobasket,anime,object,False,False,False,True,True,True
kuromi,sanrio,object,True,True,True,True,True,True
kusuriyanohitorigoto,anime,object,True,True,False,False,False,False
labubu,other,object,True,True,True,True,True,True
ladygaga,people,object,False,True,True,False,False,False
lake,nature,object,True,False,False,False,False,False
laliga,football,object,True,False,True,False,False,False
lamborghini,car,object,False,True,True,True,True,True
lamineyamal,football,object,True,True,False,True,True,True
landscape,nature,object,True,True,True,True,True,True
lanmewko,game,object,False,False,True,False,False,False
laura,cartoon,object,False,True,False,False,False,False
leaf,nature,object,False,True,True,True,True,True
leagueoflegends,game,object,False,False,False,True,True,True
lebronjames,basketball,object,False,True,False,False,False,False
lego,other,object,False,False,False,True,True,True
leicestercity,football,object,False,True,True,False,False,False
lent,holiday,object,False,True,False,False,False,False
leo,zodiac,object,True,False,True,False,False,False
leopard,animal,object,False,True,True,True,True,True
levi,attackontitan,object,False,True,False,False,False,False
leviackerman,attackontitan,object,True,False,False,True,True,True
lewandowski,football,object,True,True,False,False,False,False
libra,zodiac,object,True,False,True,False,False,False
lifequote,quote,object,False,False,False,True,True,True
lightningmcqueen,cars,object,True,False,False,True,True,True
lion,animal,object,True,True,True,True,True,True
liquid,abstract,object,False,False,True,False,False,False
littleprince,cartoon,object,False,True,False,False,False,False
littletwinstars,sanrio,object,False,False,False,True,True,True
live,other,object,True,False,False,False,False,False
liverpool,football,object,True,True,True,True,True,True
logo,other,object,True,False,False,True,True,True
loidforger,spyxfamily,object,True,False,False,True,True,True
lokahchapter1,film,object,False,True,False,False,False,False
lokahchapter1chandra,film,object,False,False,False,True,True,True
lol,game,object,True,True,True,False,False,False
losangelesdodgers,baseball,object,True,False,False,False,False,False
lotus,flowers,object,True,True,True,True,True,True
louisvuitton,logo,object,True,False,False,False,False,False
love,,object,True,True,True,True,True,True
lovequote,quote,object,False,False,False,True,True,True
lucykushinada,anime,object,False,True,False,False,False,False
luffy,onepiece,object,True,True,True,True,True,True
luma,mario,object,False,False,True,False,False,False
madara,naruto,object,True,False,False,True,True,True
madarauchiha,naruto,object,False,False,True,False,False,False
majinbuu,dragonball,object,False,False,True,True,True,True
manchestercity,football,object,True,True,True,True,True,True
manchesterunited,football,object,True,True,True,True,True,True
mandala,abstract,object,False,False,True,False,False,False
manga,,object,False,False,False,True,True,True
mangle,fivenightsatfreddy,object,True,False,False,False,False,False
manhua,,object,False,False,False,True,True,True
maomao,kusuriyanohitorigoto,object,False,True,False,False,False,False
marceline,adventuretime,object,False,False,False,True,True,True
marijuana,leaf,object,False,True,True,False,False,False
mario,game,object,True,True,True,True,True,True
marvel,film,object,True,True,True,True,True,True
mask,cool,object,True,True,True,True,True,True
mbappe,football,object,False,False,False,True,True,True
mbappé,football,object,True,True,True,False,False,False
mclaren,car,object,False,False,False,True,True,True
mclarenp1,car,object,True,False,False,False,False,False
meditation,nature,object,True,True,True,True,True,True
megumifushiguro,jujutsukaisen,object,False,False,False,True,True,True
mejiromcqueen,umamusume,object,False,False,True,False,False,False
meliodas,thesevendeadlysins,object,False,True,True,False,False,False
melody,sanrio,object,False,True,True,False,False,False
meme,quote,object,True,True,True,True,True,True
memorialday,holiday,object,True,True,True,False,False,False
mercedes,car,object,False,True,True,True,True,True
messi,football,object,True,True,True,True,True,True
metroman,cartoon,object,False,False,False,True,True,True
mex,football,object,False,False,False,True,True,True
mexico,religion,object,True,False,False,True,True,True
mexiconationalteam,football,object,True,True,True,False,False,False
michaeljackson,celeb,object,False,False,False,True,True,True
michaeljordan,basketball,object,False,False,False,True,True,True
michaelmyers,halloween,object,True,True,True,True,True,True
mickeymouse,waltdisney,object,True,True,True,False,False,False
midautumn,holiday,object,True,True,True,False,False,False
middlefinger,meme,object,True,True,False,True,True,True
mikasa,attackontitan,object,False,True,False,False,False,False
mikasaackerman,attackontitan,object,True,False,False,False,False,False
mikey,tokyorevengers,object,True,False,False,False,False,False
milwaukeebucks,basketball,object,False,False,False,True,True,True
minato,naruto,object,True,True,False,False,False,False
minatoaqua,anime,object,False,True,True,False,False,False
minecraft,game,object,True,True,True,True,True,True
minimalxmas,christmas,object,True,True,False,True,True,True
minion,cartoon,object,True,True,True,False,False,False
minions,cartoon,object,False,False,False,True,True,True
minniemouse,waltdisney,object,True,True,False,False,False,False
mitsuri,demonslayer,object,True,False,True,False,False,False
mobilelegends,game,object,True,False,False,True,True,True
mobpsycho100,anime,object,False,False,False,True,True,True
momoayase,dandadan,object,False,False,False,True,True,True
money,other,object,True,True,True,True,True,True
monkey,animal,object,True,False,False,True,True,True
monster,cool,object,True,True,True,False,False,False
monster8,anime,object,True,True,True,False,False,False
monsterstrike,game,object,True,True,True,False,False,False
moon,nature,object,True,True,True,True,True,True
morocconationalteam,football,object,False,True,False,False,False,False
mortalkombat,game,object,True,True,True,True,True,True
mother'sday,holiday,object,True,True,True,True,True,True
motivatequote,quote,object,False,False,False,True,True,True
motorbike,vehicle,object,True,True,True,True,True,True
mountain,nature,object,True,True,True,True,True,True
mouse,animal,object,True,True,False,False,False,False
msdhoni,baseball,object,False,True,False,False,False,False
muichiro,demonslayer,object,True,True,True,False,False,False
music,cool,object,True,True,True,False,False,False
musicvibes,,object,False,False,False,True,True,True
muzan,demonslayer,object,True,False,True,False,False,False
myheroacademia,anime,object,True,True,True,True,True,True
myneighbortotoro,anime,object,False,True,True,False,False,False
mythicalbeast,animal,object,False,False,False,True,True,True
nakiriayame,hololive,object,False,True,False,False,False,False
namsantower,nature,object,False,True,True,False,False,False
napoli,football,object,False,False,True,False,False,False
naraka,game,object,False,False,False,True,True,True
naruto,anime,object,True,True,True,False,False,False
narutoshippuden,anime,object,False,False,False,True,True,True
nation,religion,object,True,False,False,False,False,False
natra,cartoon,object,False,True,True,True,True,True
nature,,object,True,True,True,True,True,True
nba,basketball,object,True,True,True,False,False,False
netherlandsnationalteam,football,object,False,True,False,False,False,False
new,other,object,True,True,True,False,False,False
newyear,holiday,object,True,True,True,True,True,True
newyearanimal,newyear,object,False,True,True,False,False,False
newyorkcity,nature,object,False,True,True,False,False,False
newzealandnationalteam,football,object,False,True,False,False,False,False
neymar,football,object,True,True,True,True,True,True
nezuko,demonslayer,object,True,True,True,False,False,False
nezukokamado,demonslayer,object,False,False,False,True,True,True
nfl,americanfootball,object,True,False,False,False,False,False
nickwilde,zootopia,object,False,True,False,False,False,False
nightmarebeforechristmas,film,object,True,True,True,True,True,True
nike,logo,object,True,False,False,False,False,False
nikolajokić,basketball,object,False,True,False,False,False,False
ninja,humans,object,False,False,False,True,True,True
nissan,car,object,True,False,False,False,False,False
noman’ssky,game,object,False,False,True,False,False,False
nor,football,object,False,False,False,True,True,True
northernlightstonight,nature,object,False,True,True,False,False,False
norwaynationalteam,football,object,False,True,False,False,False,False
nowyouseeme,film,object,False,True,True,True,True,True
obanai,demonslayer,object,True,False,False,False,False,False
obanaiiguro,demonslayer,object,False,True,False,False,False,False
obito,naruto,object,True,False,False,False,False,False
ocean,nature,object,False,False,False,True,True,True
oggyandthecockroaches,cartoon,object,False,True,False,False,False,False
onepiece,anime,object,True,True,True,True,True,True
onepieceliveaction,film,object,True,True,True,True,True,True
onepunchman,anime,object,True,False,False,True,True,True
oppenheimer,film,object,False,False,False,True,True,True
orochimaru,naruto,object,False,False,True,False,False,False
oshinoko,anime,object,False,False,False,True,True,True
other,,object,True,True,True,True,True,True
overlord,anime,object,False,False,False,True,True,True
owl,animal,object,False,False,True,False,False,False
paddington,cartoon,object,False,False,False,True,True,True
pagoda,nature,object,True,False,False,False,False,False
pain,naruto,object,True,True,True,False,False,False
palmeiras,football,object,True,True,True,False,False,False
panamanationalteam,football,object,False,True,False,False,False,False
panda,animal,object,True,True,True,True,True,True
panther,animal,object,True,True,True,False,False,False
paraguaynationalteam,football,object,False,True,False,False,False,False
parissaintgermain,football,object,True,True,True,True,True,True
pathway,other,object,True,False,False,False,False,False
pattern,abstract,object,True,True,True,True,True,True
peacock,animal,object,True,True,True,True,True,True
peanuts,cartoon,object,True,False,False,True,True,True
penguins,animal,object,True,False,False,True,True,True
pennywise,it,object,True,True,True,True,True,True
peony,flowers,object,True,False,False,True,True,True
people,,object,True,True,True,False,False,False
pesopluma,celeb,object,False,False,False,True,True,True
pet,animal,object,True,False,False,True,True,True
petergriffin,familyguy,object,False,False,False,True,True,True
philfoden,football,object,False,True,True,False,False,False
phoenix,animal,object,True,True,True,True,True,True
phoenixsuns,basketball,object,False,False,False,True,True,True
piccolo,dragonball,object,False,True,True,True,True,True
pig,animal,object,True,False,False,True,True,True
pikachu,pokemon,object,True,True,True,True,True,True
piratesofthecaribbean,film,object,False,False,True,False,False,False
pisces,zodiac,object,True,False,True,False,False,False
pitbull,dog,object,False,True,True,False,False,False
plane,vehicle,object,True,False,False,False,False,False
planet,universe,object,True,True,True,True,True,True
pochacco,sanrio,object,False,True,True,False,False,False
pocoyo,cartoon,object,True,True,True,True,True,True
pokemon,anime,object,True,True,True,True,True,True
ponyo,anime,object,False,True,False,True,True,True
popmart,other,object,True,True,True,True,True,True
poppy,flower,object,False,True,False,False,False,False
popular,other,object,True,True,True,False,False,False
por,football,object,False,False,False,True,True,True
porsche,car,object,True,True,True,True,True,True
portugal,religion,object,True,False,False,False,False,False
portugalnationalteam,football,object,True,True,True,False,False,False
predator,film,object,True,False,False,True,True,True
premium,other,object,False,True,True,False,False,False
princessbubblegum,adventuretime,object,False,False,False,True,True,True
princessmononoke,anime,object,False,True,False,False,False,False
projecthailmary,film,object,False,False,False,True,True,True
psyduck,pokemon,object,False,False,False,True,True,True
pubg,game,object,True,False,False,True,True,True
pusheen,cartoon,object,False,True,False,False,False,False
qatarnationalteam,football,object,False,True,False,False,False,False
quote,,object,True,True,True,True,True,True
rabbit,animal,object,True,True,True,True,True,True
railwaytracks,vietnam,object,False,False,True,False,False,False
rain,nature,object,True,True,True,True,True,True
rainbow,nature,object,False,False,False,True,True,True
ram,rezero,object,False,False,False,True,True,True
ramadan,holiday,object,True,True,True,True,True,True
rangoli,abstract,object,False,False,True,False,False,False
ranma,anime,object,False,False,False,True,True,True
ranmouri,conan,object,False,False,False,True,True,True
raphinha,football,object,True,False,False,False,False,False
rapunzel,waltdisney,object,False,True,False,False,False,False
realmadrid,football,object,True,True,True,True,True,True
regularshow,cartoon,object,False,True,False,True,True,True
reimuhakurei,touhouproject,object,True,True,True,False,False,False
reindeer,animal,object,True,True,True,False,False,False
religion,,object,True,True,True,True,True,True
rem,rezero,object,False,True,True,True,True,True
rengoku,demonslayer,object,True,False,True,True,True,True
rezero,anime,object,True,True,True,True,True,True
riceterrace,vietnam,object,False,True,True,False,False,False
rickandmorty,cartoon,object,True,True,True,True,True,True
rimuru,tenseishitaraslimedattaken,object,False,True,False,False,False,False
rimurutempest,anime,object,True,False,True,False,False,False
river,nature,object,True,True,True,False,False,False
road,nature,object,True,True,False,True,True,True
ronaldo,football,object,True,True,True,True,True,True
rooster,animal,object,True,True,True,False,False,False
rosalina,mario,object,False,True,True,False,False,False
rose,flowers,object,True,True,True,True,True,True
rugby,sport,object,False,True,True,False,False,False
ryomensukuna,jujutsukaisen,object,False,False,False,True,True,True
saber,fate,object,False,False,False,True,True,True
sadquote,quote,object,False,False,False,True,True,True
sagittarius,zodiac,object,True,False,True,False,False,False
sailormoon,anime,object,False,False,False,True,True,True
saint,religion,object,True,True,True,False,False,False
saitama,onepunchman,object,True,False,False,False,False,False
sakamotodays,anime,object,False,False,False,True,True,True
sakura,naruto,object,False,True,True,True,True,True
samurai,game,object,True,True,True,True,True,True
sanemi,demonslayer,object,False,True,False,False,False,False
sanji,onepiece,object,True,True,False,True,True,True
sanrio,anime,object,True,True,True,True,True,True
sans,game,object,True,True,True,False,False,False
santaclaus,christmas,object,True,True,False,True,True,True
saopaulofc,football,object,False,False,True,False,False,False
saraswati,hindugods,object,False,True,True,False,False,False
sasuke,naruto,object,True,True,True,True,True,True
satorugojo,jujutsukaisen,object,False,False,False,True,True,True
saudiarabianationalteam,football,object,False,True,False,False,False,False
scarletwitch,marvel,object,False,False,False,True,True,True
sccorinthianspaulista,football,object,False,False,False,True,True,True
scenery,,object,False,False,False,True,True,True
sci-fi,film,object,True,True,True,False,False,False
scoobydoo,cartoon,object,False,True,False,False,False,False
scorpio,zodiac,object,True,False,True,False,False,False
scotlandnationalteam,football,object,False,True,False,False,False,False
scream,film,object,True,True,True,True,True,True
scrooge,christmas,object,False,True,False,False,False,False
season,,object,False,False,False,True,True,True
senegalnationalteam,football,object,False,True,False,False,False,False
senku,drstone,object,False,True,True,False,False,False
sepalmeiras,football,object,False,False,False,True,True,True
shanks,onepiece,object,False,True,False,False,False,False
sharingan,naruto,object,True,True,True,True,True,True
shark,animal,object,False,True,True,False,False,False
sheep,animal,object,False,False,False,True,True,True
shengongbao,natra,object,False,False,False,True,True,True
shihouinyoruichi,bleach,object,False,False,False,True,True,True
shinazugawasanemi,demonslayer,object,False,False,True,False,False,False
shinchan,anime,object,True,True,True,True,True,True
shinobu,demonslayer,object,True,True,True,True,True,True
ship,vehicle,object,True,True,True,True,True,True
shoyohinata,haikyu,object,False,False,False,True,True,True
shrek,cartoon,object,False,True,False,False,False,False
sillyface,other,object,True,True,True,True,True,True
skeleton,cool,object,True,True,True,True,True,True
skiing,sport,object,False,False,False,True,True,True
skull,cool,object,True,True,True,True,True,True
skullsoldier,people,object,False,False,True,False,False,False
sky,nature,object,True,True,True,True,True,True
slamdunk,anime,object,False,False,False,True,True,True
smoke,abstract,object,True,True,True,True,True,True
snake,animal,object,True,True,True,False,False,False
sneakernike,sport,object,True,False,False,False,False,False
snoopy,peanuts,object,True,True,True,False,False,False
snowboarding,sport,object,False,False,False,True,True,True
snowman,christmas,object,False,False,True,True,True,True
soldier,independenceday,object,True,True,True,True,True,True
sololeveling,anime,object,True,True,True,True,True,True
sonheungmin,football,object,True,False,False,True,True,True
sonic,film,object,True,True,True,True,True,True
sora,kingdomhearts,object,True,True,True,False,False,False
souls,game,object,True,False,False,False,False,False
southafricanationalteam,football,object,False,True,False,False,False,False
spaceship,universe,object,True,True,True,True,True,True
spain,religion,object,True,False,False,False,False,False
spainnationalteam,football,object,False,True,False,False,False,False
spider,animal,object,True,True,True,False,False,False
spiderman,marvel,object,True,True,True,True,True,True
spirit,other,object,False,False,True,False,False,False
spiritedaway,ghibli,object,False,False,False,True,True,True
spongebob,cartoon,object,True,False,False,True,True,True
spongebobsquarepants,cartoon,object,False,True,True,False,False,False
sport,,object,True,True,True,True,True,True
spring,nature,object,True,False,False,True,True,True
spyxfamily,anime,object,True,True,False,True,True,True
squidgame,film,object,False,False,True,False,False,False
squidward,spongebobsquarepants,object,False,True,True,False,False,False
squirrel,animal,object,False,False,False,True,True,True
squirtle,pokemon,object,False,False,False,True,True,True
ssscnapoli,football,object,False,True,False,False,False,False
st.patrick’sday,holiday,object,False,True,True,False,False,False
stars,sky,object,False,True,False,False,False,False
starwars,film,object,True,True,True,True,True,True
statue,other,object,False,True,False,False,False,False
stephencurry,basketball,object,False,True,False,True,True,True
stewiegriffin,familyguy,object,False,False,False,True,True,True
sticker,other,object,True,False,False,False,False,False
stickers,other,object,False,True,False,False,False,False
stitch,waltdisney,object,True,True,True,True,True,True
stone,other,object,True,True,True,True,True,True
storm,nature,object,True,True,False,True,True,True
strangerthings,film,object,True,True,True,True,True,True
straykids,people,object,True,True,True,False,False,False
subaru,rezero,object,False,False,False,True,True,True
sukuna,jujutsukaisen,object,True,True,True,False,False,False
summer,nature,object,True,True,True,True,True,True
sunflower,flowers,object,True,True,True,True,True,True
sungjinwoo,sololeveling,object,True,False,False,True,True,True
sunny,nature,object,True,False,False,False,False,False
sunset,nature,object,False,False,True,False,False,False
superbowl,sport,object,False,False,False,True,True,True
superman,dc,object,True,True,True,True,True,True
swedennationalteam,football,object,False,True,False,False,False,False
switzerlandnationalteam,football,object,False,True,False,False,False,False
sword,game,object,False,True,True,True,True,True
swordartonline,anime,object,False,False,False,True,True,True
sylveon,pokemon,object,False,True,False,False,False,False
sãopaulofc,football,object,True,True,False,True,True,True
taiwan,religion,object,True,False,False,False,False,False
tanjiro,demonslayer,object,True,True,True,False,False,False
tanjirokamado,demonslayer,object,False,False,False,True,True,True
taurus,zodiac,object,True,False,True,False,False,False
taylorswift,celeb,object,False,False,False,True,True,True
technology,,object,True,True,True,False,False,False
tengen,demonslayer,object,True,True,True,False,False,False
tennis,sport,object,True,True,True,False,False,False
tenseishitaraslimedattaken,anime,object,False,True,True,False,False,False
thailand,religion,object,True,False,False,False,False,False
thanksgiving,holiday,object,True,True,True,True,True,True
thanos,marvel,object,False,False,False,True,True,True
theaddamsfamily,film,object,True,True,True,True,True,True
theamazingworldofgumball,cartoon,object,False,False,False,True,True,True
theboys,film,object,False,False,False,True,True,True
theeminenceinshadow,anime,object,False,False,True,False,False,False
theflash,dc,object,False,True,True,True,True,True
thegarfield,cartoon,object,False,True,False,False,False,False
thegodofhighschool,anime,object,False,False,False,True,True,True
thehungergames,film,object,True,False,True,False,False,False
theironclaw,film,object,False,False,False,True,True,True
theknight,hollowknight,object,False,True,True,False,False,False
thepowerpuffgirls,cartoon,object,False,True,False,False,False,False
thepredator,film,object,False,True,True,False,False,False
thesecretlifeofpets,cartoon,object,True,False,False,False,False,False
thesevendeadlysins,anime,object,False,True,True,False,False,False
thesimpsons,cartoon,object,True,False,True,True,True,True
thesimpsonsmovie,film,object,False,False,True,False,False,False
thestarrynight,abstract,object,False,True,False,False,False,False
thor,marvel,object,True,True,True,True,True,True
tianguancifu,manhua,object,False,False,False,True,True,True
tiger,animal,object,True,True,True,True,True,True
tobiokageyama,haikyu,object,False,False,False,True,True,True
todoroki,myheroacademia,object,True,False,False,False,False,False
toji,jujutsukaisen,object,False,True,False,False,False,False
tojifushiguro,jujutsukaisen,object,False,False,False,True,True,True
tokaiteio,umamusume,object,False,False,True,False,False,False
tokyo,japan,object,True,True,True,False,False,False
tokyoghoul,anime,object,True,True,True,False,False,False
tokyorevengers,anime,object,True,False,False,False,False,False
tomandjerry,cartoon,object,True,True,True,True,True,True
tomiokagiyu,demonslayer,object,False,False,True,False,False,False
tomura,myheroacademia,object,False,False,True,False,False,False
toothless,howtotrainyourdragon,object,False,True,True,False,False,False
torii,japan,object,False,True,True,False,False,False
toriigate,japan,object,True,False,False,False,False,False
toruhagakure,anime,object,False,True,False,False,False,False
toshirohitsugaya,bleach,object,False,False,False,True,True,True
totoro,anime,object,True,True,False,True,True,True
touhouproject,game,object,True,True,True,False,False,False
tower,nature,object,True,False,False,False,False,False
toyota,car,object,True,True,True,True,True,True
toystory,cartoon,object,True,True,True,True,True,True
train,vehicle,object,True,True,False,True,True,True
transformers,film,object,True,True,True,False,False,False
travisscott,celeb,object,False,False,False,True,True,True
tree,nature,object,True,True,True,True,True,True
trending,other,object,True,True,True,False,False,False
tronares,film,object,True,True,True,False,False,False
tropicalchristmas,christmas,object,False,True,False,True,True,True
trunks,dragonball,object,False,False,False,True,True,True
tsubasajinnouchi,dandadan,object,False,False,False,True,True,True
tulip,flowers,object,True,True,True,False,False,False
tunisianationalteam,football,object,False,True,False,False,False,False
turtle,animal,object,True,True,True,False,False,False
twinkletwinkle,popmart,object,False,False,False,True,True,True
txt,people,object,True,True,True,False,False,False
türkiyenationalteam,football,object,False,True,False,False,False,False
u23vietnam,football,object,True,True,True,True,True,True
uk,religion,object,True,True,True,False,False,False
ultramantrigger,film,object,True,False,False,False,False,False
umamusume,game,object,False,False,True,False,False,False
umbreon,pokemon,object,False,True,False,False,False,False
undertale,game,object,True,False,False,False,False,False
unicorn,animal,object,False,False,False,True,True,True
unitedstatesnationalteam,football,object,True,True,False,False,False,False
universe,,object,True,False,False,True,True,True
uruguaynationalteam,football,object,False,True,False,False,False,False
usa,religion,object,True,True,True,True,True,True
usanationalteam,football,object,False,False,True,False,False,False
usopp,onepiece,object,False,False,True,False,False,False
uzbekistannationalteam,football,object,False,True,False,False,False,False
uzumakinaruto,naruto,object,True,True,True,True,True,True
vagabond,manga,object,False,False,False,True,True,True
valentine,holiday,object,True,True,True,True,True,True
valorant,game,object,False,False,False,True,True,True
vasco,football,object,False,True,False,False,False,False
vascodagama,football,object,False,False,False,True,True,True
vegeta,dragonball,object,True,True,True,True,True,True
vehicle,,object,True,True,True,True,True,True
venice,nature,object,False,True,True,False,False,False
venom,marvel,object,True,True,True,True,True,True
vesak,holiday,object,False,False,False,True,True,True
vietnam,religion,object,True,True,True,True,True,True
village,scenery,object,False,False,False,True,True,True
viniciusjr,football,object,False,False,False,True,True,True
viniciusjunior,football,object,True,True,True,False,False,False
virgendeguadalupe,holiday,object,False,True,True,False,False,False
virgo,zodiac,object,True,False,True,False,False,False
volleyball,sport,object,False,False,False,True,True,True
walle,cartoon,object,False,False,False,True,True,True
waltdisney,cartoon,object,True,True,True,False,False,False
warning,other,object,True,True,True,True,True,True
warningsign,warning,object,False,False,False,True,True,True
warningtext,warning,object,False,False,False,True,True,True
warrior,game,object,False,True,True,True,True,True
water,nature,object,False,True,True,False,False,False
waterfall,nature,object,True,True,True,True,True,True
weapon,cool,object,True,True,True,True,True,True
webarebears,cartoon,object,False,False,False,True,True,True
wednesday,film,object,False,False,True,False,False,False
werewolf,film,object,False,False,False,True,True,True
whale,animal,object,False,True,False,False,False,False
whitebeard,onepiece,object,False,False,True,False,False,False
winniethepooh,cartoon,object,True,True,True,False,False,False
winter,nature,object,True,True,True,True,True,True
witch,film,object,False,True,False,False,False,False
wolf,animal,object,True,True,True,True,True,True
wolverine,film,object,False,True,True,True,True,True
womensday,holiday,object,True,True,True,True,True,True
wonders,scenery,object,False,False,False,True,True,True
wonderwoman,marvel,object,True,False,False,False,False,False
worldcup,football,object,True,True,True,True,True,True
worldtrigger,anime,object,False,False,False,True,True,True
wukong,film,object,False,False,False,True,True,True
xianni,donghua,object,False,False,False,True,True,True
xiaomiwallpaper,abstract,object,True,False,False,False,False,False
yinyang,other,object,True,True,True,True,True,True
yoda,starwars,object,True,True,False,False,False,False
yorforger,spyxfamily,object,True,False,False,True,True,True
yoriichi,demonslayer,object,False,False,True,False,False,False
yoriichitsugikuni,demonslayer,object,False,True,True,False,False,False
yourlieinapril,anime,object,False,True,False,False,False,False
yourname,anime,object,True,True,False,False,False,False
yujiitadori,jujutsukaisen,object,False,False,False,True,True,True
zenitsu,demonslayer,object,True,True,True,False,False,False
zenitsuagatsuma,demonslayer,object,False,False,False,True,True,True
zenlesszonezero,game,object,False,True,False,False,False,False
zerotwo,darlinginthefranxx,object,True,False,False,True,True,True
zipperlock,other,object,False,True,True,False,False,False
zodiac,other,object,True,True,True,True,True,True
zodiacsigns,other,object,False,False,True,False,False,False
zombie,film,object,False,False,False,True,True,True
zombies,halloween,object,True,True,True,False,False,False
zootopia,cartoon,object,True,True,True,True,True,True
zoro,onepiece,object,True,True,True,True,True,True
2d,,style,True,True,True,True,True,True
3d,,style,True,True,True,True,True,True
aesthetic,,style,True,True,True,True,True,True
animeart,,style,True,True,True,True,True,True
cinematic,,style,True,True,True,True,True,True
comic,,style,False,False,False,True,True,True
cute,,style,True,True,True,True,True,True
cyberpunk,,style,True,True,True,True,True,True
digitalart,,style,True,True,True,True,True,True
fantasy,,style,True,True,True,True,True,True
horror,,style,False,False,False,True,True,True
lofi,,style,True,True,True,True,True,True
minimalism,,style,True,True,True,True,True,True
pixelart,,style,True,False,True,True,True,True
realism,,style,True,True,True,True,True,True
scifi,,style,False,False,True,True,True,True
vangogh,,style,True,True,True,False,False,False
vangoghart,,style,False,False,False,True,True,True
black,,color,True,True,True,True,True,True
blackandwhite,,color,True,True,True,True,True,True
blue,,color,True,True,True,True,True,True
brown,,color,True,True,True,True,True,True
cold,,color,True,True,True,True,True,True
colorful,,color,False,False,False,True,True,True
dark,,color,True,True,True,True,True,True
gradient,,color,True,True,True,True,True,True
green,,color,True,True,True,True,True,True
grey,,color,True,False,True,True,True,True
hologram,,color,True,True,True,True,True,True
light,,color,True,True,True,True,True,True
neon,,color,True,True,True,True,True,True
neutral,,color,True,True,True,True,True,True
orange,,color,True,True,True,True,True,True
pastel,,color,True,True,True,True,True,True
pink,,color,True,True,True,True,True,True
purple,,color,True,True,True,True,True,True
red,,color,True,True,True,True,True,True
vibrant,,color,True,True,True,False,False,False
vintage,,color,True,True,True,True,True,True
warm,,color,True,True,True,True,True,True
white,,color,True,True,True,True,True,True
yellow,,color,True,True,True,True,True,True
